id;status;level;trainer;active_from;activeto
1;testing;rudely;failing because er;2024-01-14T15:43:35;2024-01-14T07:59:16
2;spawn however;ladybug beautifully phooey;render default;2024-01-15T00:36:56;2024-01-14T17:40:20
3;er proud;frankly so;how ouch irrupt;2024-01-15T03:13:12;2024-01-15T02:04:06
4;upon unfortunate per;belated ugh;humiliate meh aboard;2024-01-15T01:09:18;2024-01-15T01:09:35
5;until idealistic;so though;mid on;2024-01-14T19:23:16;2024-01-14T17:43:18
6;excluding smelting bargain;caring after;lyrics mmm;2024-01-14T05:08:15;2024-01-14T15:57:11
7;helplessly;shrilly ouch;furiously vivaciously;2024-01-14T23:23:08;2024-01-14T11:36:37
8;toward;confute;against furthermore;2024-01-14T14:28:01;2024-01-15T04:19:16
9;hmph times spay;gosh kindly;phooey ouch deafening;2024-01-14T06:28:53;2024-01-14T08:01:18
10;blueberry pack actually;yahoo octavo unruly;indeed;2024-01-14T12:10:12;2024-01-14T20:45:22
